é¿éøãGêﬂí≤êÆånóÒ,,,,,,,,,,,,,,,,<éQçl>,,,,,,,,,,,(íPà :2000óÔîNòAçΩâøäiÅA10â≠â~),,,,,,,,,,,
Real Gross Domestic Product (seasonally adjusted series),,,,,,,,,,,,,,,,<cf>,,,,,,,,,,,(Billions of chained (2000) yen),,,,,,,,,,,
,çëì‡ëçê∂éY(éxèoë§),ñØä‘ç≈èIè¡îÔéxèo,,,ñØä‘èZëÓ,ñØä‘äÈã∆ê›îı,ñØä‘ç›å…ïiëùâ¡,ê≠ï{ç≈èIè¡îÔéxèo,åˆìIå≈íËéëñ{å`ê¨,åˆìIç›å…ïiëùâ¡,ç‡â›ÅEÉTÅ[ÉrÉX,,,äJç∑,,åà’óòìæ,çëì‡ëçèäìæ,äCäOÇ©ÇÁÇÃèäìæ,,,çëñØëçèäìæ,,çëì‡é˘óv,ñØä‘é˘óv,åˆìIé˘óv,,ëçå≈íËéëñ{å`ê¨,,,,,,,,,,,
,,,â∆åvç≈èIè¡îÔéxèo,,,,,,,,èÉóAèo,óAèo,óAì¸,,,,,èÉéÛéÊ,éÛéÊ,éxï•,,,,,,,,,,,,,,,,,,
,,,,èúÇ≠éùÇøâ∆ÇÃãAëÆâ∆í¿,,,,,,,,,,,,,,,,,,,,,,,,,,,,,,,,,,
,GDP(expenditure approach),PrivateConsumption,Consumption ofHouseholds,Excludingimputed rent,PrivateResidentialInvestment,Private Non-Resi.Investment,PrivateInventory,GovernmentConsumption,PublicInvestment,PublicInventory,Goods & Services,,,Residual,,Tradinggains/losses,GDI,Income from /to the rest of the world,,,GNI,,DomesticDemand,PrivateDemand,PublicDemand,,Gross fixed capitalformation,,,,,,,,,,,
,,,,,,,,,,,Net Exports,Exports,Imports,,,,,Net,Receipt,Payment,,,,,,,,,,,,,,,,,,
1980/ 1- 3.,"280,828.2 ","166,750.6 ","164,321.7 ","139,484.8 ","19,358.5 ","34,479.1 ",568.9 ,"42,623.1 ","25,651.5 ","-2,196.8 ","1,300.1 ","19,818.1 ","18,518.0 ","-7,706.8 ",,"-3,199.4 ","277,628.8 ",-70.3 ,"3,305.6 ","3,375.9 ","277,558.5 ",,"285,025.8 ","218,515.0 ","66,976.0 ",,"77,308.7 ",,,,,,,,,,,
4- 6.,"279,347.8 ","166,430.2 ","164,003.9 ","138,851.7 ","19,104.4 ","34,907.1 ",842.6 ,"42,929.9 ","24,673.4 ","-1,964.7 ",693.7 ,"20,099.1 ","19,405.4 ","-8,268.9 ",,"-3,156.6 ","276,191.2 ",-180.1 ,"3,075.8 ","3,255.9 ","276,011.1 ",,"284,979.4 ","219,074.4 ","66,353.8 ",,"76,696.1 ",,,,,,,,,,,
7- 9.,"285,605.0 ","168,019.5 ","165,557.5 ","140,164.1 ","18,488.6 ","34,904.7 ","2,277.0 ","43,416.2 ","24,607.9 ","-2,228.9 ","1,704.1 ","19,895.4 ","18,191.3 ","-5,584.2 ",,"-2,748.3 ","282,856.6 ",-16.7 ,"2,980.4 ","2,997.2 ","282,839.9 ",,"288,941.4 ","222,794.8 ","66,583.3 ",,"76,129.4 ",,,,,,,,,,,
10-12.,"291,675.5 ","168,970.5 ","166,481.3 ","140,885.9 ","18,007.2 ","35,675.3 ","2,216.1 ","44,014.2 ","26,232.4 ","-2,749.8 ","3,168.6 ","21,244.1 ","18,075.5 ","-3,858.9 ",,"-2,844.7 ","288,830.9 ",47.3 ,"3,022.5 ","2,975.2 ","288,878.2 ",,"292,201.6 ","224,088.3 ","68,587.7 ",,"78,053.1 ",,,,,,,,,,,
1981/ 1- 3.,"293,463.7 ","168,737.9 ","166,230.2 ","140,489.3 ","18,094.2 ","36,179.8 ","1,737.1 ","44,521.7 ","26,990.6 ","-1,982.0 ","3,477.8 ","21,863.2 ","18,385.4 ","-4,293.4 ",,"-2,785.2 ","290,678.5 ",-596.7 ,"3,419.6 ","4,016.3 ","290,081.8 ",,"293,504.0 ","223,656.4 ","70,362.7 ",,"79,367.7 ",,,,,,,,,,,
4- 6.,"297,055.0 ","169,896.1 ","167,358.8 ","141,412.8 ","18,419.6 ","36,176.5 ","2,574.6 ","45,458.2 ","26,030.0 ","-1,992.9 ","3,941.5 ","22,919.7 ","18,978.3 ","-3,448.6 ",,"-3,216.7 ","293,838.4 ",-556.3 ,"3,932.8 ","4,489.2 ","293,282.1 ",,"296,411.2 ","226,699.1 ","70,210.0 ",,"78,766.7 ",,,,,,,,,,,
7- 9.,"296,394.3 ","171,014.6 ","168,444.5 ","142,302.8 ","18,538.7 ","36,687.1 ",276.1 ,"45,951.7 ","26,397.4 ","-1,839.5 ","4,554.0 ","23,568.1 ","19,014.1 ","-5,185.8 ",,"-2,936.5 ","293,457.8 ",-641.4 ,"4,413.9 ","5,055.3 ","292,816.5 ",,"294,594.0 ","223,953.4 ","71,172.7 ",,"79,763.0 ",,,,,,,,,,,
10-12.,"298,557.8 ","172,400.5 ","169,824.3 ","143,470.0 ","17,726.3 ","37,260.6 ","1,027.5 ","46,590.1 ","26,008.6 ","-1,596.2 ","4,123.6 ","23,478.1 ","19,354.6 ","-4,983.1 ",,"-2,929.4 ","295,628.4 ",-228.5 ,"4,806.8 ","5,035.3 ","295,399.9 ",,"297,693.3 ","226,708.8 ","71,512.2 ",,"79,385.0 ",,,,,,,,,,,
1982/ 1- 3.,"303,133.2 ","174,972.9 ","172,416.5 ","145,790.0 ","17,460.6 ","36,887.5 ","2,909.9 ","47,083.6 ","25,703.7 ","-1,729.4 ","3,824.9 ","23,493.6 ","19,668.7 ","-3,980.5 ",,"-2,793.0 ","300,340.1 ",-141.0 ,"5,024.4 ","5,165.4 ","300,199.2 ",,"302,942.2 ","231,864.8 ","71,568.5 ",,"78,479.0 ",,,,,,,,,,,
4- 6.,"305,214.4 ","178,113.1 ","175,600.0 ","148,681.7 ","17,728.4 ","37,765.3 ",672.2 ,"47,373.9 ","25,769.3 ","-1,532.8 ","4,443.6 ","23,268.1 ","18,824.5 ","-5,118.7 ",,"-3,330.8 ","301,883.5 ",-202.9 ,"5,338.3 ","5,541.1 ","301,680.6 ",,"303,624.4 ","232,086.7 ","72,042.8 ",,"79,731.5 ",,,,,,,,,,,
7- 9.,"306,548.2 ","177,590.4 ","175,110.7 ","148,063.1 ","18,133.2 ","37,735.6 ","1,180.2 ","47,864.3 ","25,581.6 ","-1,915.7 ","4,681.8 ","23,302.5 ","18,620.7 ","-4,303.1 ",,"-3,629.3 ","302,918.9 ",180.0 ,"5,379.1 ","5,199.1 ","303,099.0 ",,"304,449.2 ","232,889.0 ","72,059.7 ",,"79,855.4 ",,,,,,,,,,,
10-12.,"310,808.0 ","182,334.0 ","179,828.1 ","152,401.1 ","18,597.5 ","37,055.1 ",802.1 ,"48,340.5 ","25,442.4 ","-2,211.0 ","5,034.7 ","23,157.6 ","18,122.9 ","-4,587.4 ",,"-4,138.7 ","306,669.3 ",674.7 ,"5,572.6 ","4,897.9 ","307,344.1 ",,"307,907.1 ","236,214.2 ","72,170.0 ",,"79,348.5 ",,,,,,,,,,,
1983/ 1- 3.,"311,004.0 ","182,118.0 ","179,529.8 ","151,968.4 ","18,616.8 ","36,527.8 ",130.5 ,"49,322.1 ","25,241.7 ","-1,817.9 ","5,644.4 ","23,415.8 ","17,771.4 ","-4,779.3 ",,"-3,476.6 ","307,527.4 ",165.4 ,"4,240.1 ","4,074.7 ","307,692.8 ",,"306,815.6 ","234,197.3 ","73,146.3 ",,"78,600.2 ",,,,,,,,,,,
4- 6.,"313,342.6 ","183,005.9 ","180,328.6 ","152,611.2 ","16,669.3 ","37,566.5 ",528.1 ,"50,210.1 ","25,010.0 ","-1,866.8 ","6,021.1 ","23,756.1 ","17,735.0 ","-3,801.5 ",,"-3,252.9 ","310,089.7 ",524.2 ,"4,273.7 ","3,749.5 ","310,613.9 ",,"308,420.7 ","235,250.9 ","73,707.4 ",,"77,950.6 ",,,,,,,,,,,
7- 9.,"318,031.0 ","185,379.1 ","182,635.8 ","154,659.3 ","16,655.4 ","37,413.9 ",412.2 ,"50,806.4 ","25,568.5 ","-1,724.9 ","6,907.2 ","24,755.9 ","17,848.7 ","-3,386.8 ",,"-3,596.1 ","314,434.9 ",454.6 ,"4,235.9 ","3,781.4 ","314,889.5 ",,"311,475.9 ","237,065.9 ","74,975.7 ",,"78,282.7 ",,,,,,,,,,,
10-12.,"320,680.6 ","186,049.6 ","183,255.6 ","155,143.4 ","16,769.8 ","37,612.7 ","1,910.6 ","51,141.8 ","25,226.9 ","-1,452.8 ","6,549.6 ","25,781.8 ","19,232.1 ","-3,127.5 ",,"-3,539.9 ","317,140.7 ",474.0 ,"4,496.1 ","4,022.1 ","317,614.7 ",,"315,269.5 ","240,697.5 ","75,110.4 ",,"78,284.3 ",,,,,,,,,,,
1984/ 1- 3.,"324,373.8 ","187,553.4 ","184,723.2 ","156,422.3 ","16,786.9 ","39,102.5 ","1,305.2 ","51,573.6 ","24,954.5 ",-873.1 ,"7,194.3 ","26,973.6 ","19,779.4 ","-3,223.5 ",,"-3,240.8 ","321,133.0 ",498.1 ,"4,608.0 ","4,110.0 ","321,631.0 ",,"317,997.8 ","242,895.7 ","75,638.2 ",,"79,690.4 ",,,,,,,,,,,
4- 6.,"329,286.2 ","188,707.0 ","185,838.2 ","157,367.0 ","16,643.5 ","39,609.5 ",479.2 ,"52,265.1 ","27,869.5 ","-1,227.0 ","7,973.7 ","27,827.5 ","19,853.8 ","-3,034.2 ",,"-3,387.9 ","325,898.2 ",661.5 ,"4,868.8 ","4,207.3 ","326,559.8 ",,"321,557.3 ","243,042.9 ","79,205.7 ",,"82,801.9 ",,,,,,,,,,,
7- 9.,"333,310.3 ","190,977.3 ","188,063.6 ","159,372.4 ","16,737.4 ","41,312.4 ","2,063.0 ","52,354.4 ","24,721.9 ",-821.7 ,"8,002.8 ","28,530.2 ","20,527.5 ","-2,037.2 ",,"-3,483.5 ","329,826.8 ",543.8 ,"5,194.6 ","4,650.8 ","330,370.5 ",,"325,751.3 ","250,054.0 ","76,171.5 ",,"81,864.9 ",,,,,,,,,,,
10-12.,"333,885.6 ","191,113.2 ","188,162.0 ","159,341.7 ","16,601.4 ","43,205.9 ",198.8 ,"52,066.7 ","24,110.4 ",-677.9 ,"9,200.3 ","29,327.4 ","20,127.1 ","-1,933.2 ",,"-3,452.6 ","330,432.9 ",954.6 ,"5,792.7 ","4,838.1 ","331,387.6 ",,"324,082.0 ","249,193.8 ","75,332.9 ",,"83,271.8 ",,,,,,,,,,,
1985/ 1- 3.,"342,067.7 ","193,664.4 ","190,681.6 ","161,627.9 ","16,813.2 ","46,005.8 ","2,192.9 ","52,188.5 ","23,202.6 ",-847.2 ,"9,050.2 ","29,191.8 ","20,141.6 ",-202.7 ,,"-3,560.2 ","338,507.4 ","1,064.9 ","6,049.4 ","4,984.5 ","339,572.3 ",,"332,556.9 ","258,493.4 ","74,341.5 ",,"85,664.0 ",,,,,,,,,,,
4- 6.,"348,994.4 ","196,723.0 ","193,716.0 ","164,408.1 ","17,439.4 ","46,646.2 ","5,030.2 ","52,527.6 ","23,827.6 ","-8,990.4 ","10,464.0 ","30,280.3 ","19,816.3 ","5,326.8 ",,"-3,827.0 ","345,167.4 ","1,427.4 ","6,325.8 ","4,898.4 ","346,594.8 ",,"336,969.4 ","267,449.7 ","69,451.2 ",,"87,452.2 ",,,,,,,,,,,
7- 9.,"353,561.2 ","197,356.1 ","194,323.3 ","164,871.3 ","17,339.7 ","49,476.6 ","1,924.7 ","53,050.2 ","23,418.7 ","-1,021.3 ","10,514.5 ","29,644.8 ","19,130.3 ","1,501.9 ",,"-3,584.4 ","349,976.8 ","1,402.5 ","6,002.6 ","4,600.1 ","351,379.3 ",,"341,297.1 ","266,229.8 ","75,289.8 ",,"90,084.8 ",,,,,,,,,,,
10-12.,"358,258.0 ","201,532.3 ","198,453.0 ","168,705.5 ","16,985.8 ","50,180.1 ","1,926.8 ","53,519.8 ","23,166.5 ","-1,029.0 ","10,501.9 ","29,591.7 ","19,089.9 ","1,473.7 ",,"-2,649.5 ","355,608.4 ","1,294.5 ","5,343.3 ","4,048.8 ","356,902.9 ",,"346,044.3 ","270,733.9 ","75,484.4 ",,"90,327.1 ",,,,,,,,,,,
1986/ 1- 3.,"359,682.6 ","202,093.6 ","198,950.0 ","169,055.8 ","17,322.6 ","49,694.9 ","3,976.4 ","53,537.6 ","23,431.4 ",-922.2 ,"9,004.2 ","28,062.5 ","19,058.2 ","1,544.0 ",,"-1,267.4 ","358,415.2 ","1,172.7 ","5,354.1 ","4,181.5 ","359,587.8 ",,"350,014.6 ","274,270.6 ","75,895.9 ",,"90,323.4 ",,,,,,,,,,,
4- 6.,"358,798.9 ","203,394.1 ","200,172.6 ","170,105.1 ","17,875.5 ","51,000.1 ","1,087.2 ","53,209.9 ","24,177.3 ",842.0 ,"8,398.4 ","28,663.2 ","20,264.8 ","-1,185.6 ",,"2,294.5 ","361,093.3 ","1,409.4 ","5,332.5 ","3,923.1 ","362,502.7 ",,"350,455.5 ","272,977.0 ","77,721.9 ",,"92,898.0 ",,,,,,,,,,,
7- 9.,"360,900.7 ","206,333.7 ","203,041.6 ","172,728.0 ","18,692.4 ","51,186.9 ",759.6 ,"54,697.5 ","24,666.5 ",-255.1 ,"7,106.4 ","28,020.4 ","20,914.1 ","-2,287.2 ",,"4,864.0 ","365,764.7 ","1,182.3 ","5,255.0 ","4,072.7 ","366,947.0 ",,"354,852.7 ","276,250.5 ","78,856.8 ",,"94,233.6 ",,,,,,,,,,,
10-12.,"363,747.2 ","206,862.5 ","203,533.3 ","173,068.7 ","19,326.3 ","52,053.3 ",768.1 ,"57,118.1 ","24,830.3 ","-2,844.1 ","7,126.3 ","27,986.4 ","20,860.1 ","-1,493.6 ",,"3,967.8 ","367,714.9 ","1,341.1 ","5,962.8 ","4,621.6 ","369,056.0 ",,"357,562.5 ","278,407.7 ","79,407.9 ",,"95,858.3 ",,,,,,,,,,,
1987/ 1- 3.,"363,486.3 ","209,690.2 ","206,356.1 ","175,649.8 ","19,706.6 ","51,632.2 ",-840.8 ,"55,835.9 ","24,241.8 ","-1,607.1 ","7,323.0 ","27,826.9 ","20,503.9 ","-2,495.5 ",,"3,178.9 ","366,665.2 ","1,630.7 ","6,731.7 ","5,101.0 ","368,295.9 ",,"356,921.2 ","278,654.6 ","78,480.7 ",,"95,172.0 ",,,,,,,,,,,
4- 6.,"371,103.5 ","211,569.8 ","208,239.9 ","177,318.3 ","21,115.6 ","52,798.1 ","1,373.9 ","56,825.7 ","24,562.0 ","-1,335.8 ","6,116.6 ","27,897.6 ","21,780.9 ","-1,922.3 ",,"2,487.2 ","373,590.7 ","1,680.6 ","7,060.9 ","5,380.3 ","375,271.3 ",,"366,160.9 ","286,379.9 ","79,974.9 ",,"97,921.1 ",,,,,,,,,,,
7- 9.,"378,526.6 ","214,513.8 ","211,174.4 ","179,989.7 ","22,769.2 ","54,870.8 ","1,283.4 ","57,212.2 ","25,390.9 ","-1,137.6 ","5,656.6 ","28,300.7 ","22,644.1 ","-2,032.7 ",,"2,031.5 ","380,558.1 ","2,680.8 ","8,685.0 ","6,004.2 ","383,238.9 ",,"374,204.0 ","293,018.6 ","81,366.5 ",,"102,338.1 ",,,,,,,,,,,
10-12.,"388,272.9 ","218,444.3 ","215,074.1 ","183,582.4 ","24,515.1 ","56,146.5 ","2,450.2 ","57,191.2 ","27,173.9 ","-1,028.4 ","5,158.8 ","28,619.5 ","23,460.7 ","-1,778.6 ",,"2,551.8 ","390,824.7 ","2,688.7 ","9,212.8 ","6,524.1 ","393,513.4 ",,"384,710.8 ","301,580.1 ","83,300.9 ",,"106,853.2 ",,,,,,,,,,,
1988/ 1- 3.,"397,541.8 ","220,968.1 ","217,546.5 ","185,810.4 ","25,588.7 ","58,497.9 ","4,392.1 ","58,297.5 ","27,682.4 ",-718.6 ,"4,044.4 ","28,776.3 ","24,731.9 ","-1,210.7 ",,"2,968.2 ","400,510.0 ","2,398.9 ","9,527.2 ","7,128.3 ","402,908.8 ",,"395,519.3 ","310,491.0 ","85,183.8 ",,"110,799.4 ",,,,,,,,,,,
4- 6.,"396,961.4 ","224,775.4 ","221,302.9 ","189,304.0 ","24,900.8 ","61,167.5 ",845.5 ,"58,822.4 ","26,865.2 ","-1,245.6 ","3,316.3 ","29,228.7 ","25,912.4 ","-2,485.9 ",,"2,781.7 ","399,743.1 ","1,908.7 ","9,500.2 ","7,591.6 ","401,651.7 ",,"395,780.7 ","311,495.3 ","84,404.4 ",,"112,335.8 ",,,,,,,,,,,
7- 9.,"405,817.4 ","225,229.5 ","221,715.4 ","189,513.0 ","24,330.6 ","64,934.3 ","3,161.0 ","59,306.3 ","26,943.2 ","-1,154.0 ","3,721.1 ","30,944.2 ","27,223.1 ",-654.7 ,,"2,861.6 ","408,678.9 ","2,887.8 ","11,572.5 ","8,684.7 ","411,566.7 ",,"404,054.1 ","319,086.7 ","85,039.1 ",,"115,982.5 ",,,,,,,,,,,
10-12.,"410,094.0 ","227,548.6 ","223,989.8 ","191,562.2 ","25,054.5 ","66,842.6 ","2,311.9 ","59,601.0 ","26,363.0 ",-987.2 ,"4,179.1 ","31,184.7 ","27,005.7 ",-819.4 ,,"4,060.0 ","414,154.0 ","2,465.5 ","11,975.5 ","9,510.0 ","416,619.5 ",,"407,803.7 ","322,972.1 ","84,861.3 ",,"118,114.4 ",,,,,,,,,,,
1989/ 1- 3.,"421,158.5 ","234,416.9 ","230,810.1 ","198,004.4 ","25,255.4 ","73,116.9 ","1,151.7 ","60,123.6 ","26,695.0 ",-584.8 ,"2,061.2 ","32,077.0 ","30,015.7 ","-1,077.4 ",,"4,196.0 ","425,354.5 ","2,259.1 ","12,650.0 ","10,390.9 ","427,613.6 ",,"421,472.5 ","335,371.8 ","86,065.9 ",,"125,299.2 ",,,,,,,,,,,
4- 6.,"415,659.3 ","230,202.8 ","226,543.9 ","193,660.6 ","24,525.1 ","70,137.0 ","2,996.7 ","60,535.7 ","25,825.7 ",-772.5 ,"2,550.0 ","32,871.4 ","30,321.4 ",-341.3 ,,"2,866.8 ","418,526.1 ","1,741.9 ","13,909.6 ","12,167.7 ","420,268.0 ",,"415,179.8 ","329,783.8 ","85,388.4 ",,"120,643.9 ",,,,,,,,,,,
7- 9.,"422,932.0 ","235,341.8 ","231,630.1 ","198,414.0 ","24,337.2 ","72,450.8 ","2,326.5 ","60,849.7 ","26,917.8 ",-755.2 ,"2,034.6 ","33,313.1 ","31,278.4 ",-571.3 ,,"2,761.3 ","425,693.3 ","3,613.3 ","16,299.5 ","12,686.2 ","429,306.6 ",,"423,135.8 ","336,271.0 ","86,854.5 ",,"123,968.2 ",,,,,,,,,,,
10-12.,"436,035.5 ","241,821.4 ","238,072.1 ","204,486.7 ","24,565.0 ","76,048.2 ","4,198.0 ","61,373.5 ","27,296.3 ",-509.0 ,"1,164.9 ","33,306.8 ","32,141.9 ",77.3 ,,"2,935.9 ","438,971.4 ","4,123.6 ","18,258.2 ","14,134.6 ","443,095.0 ",,"437,513.4 ","349,458.2 ","87,977.0 ",,"128,357.7 ",,,,,,,,,,,
1990/ 1- 3.,"433,961.0 ","240,969.1 ","237,198.8 ","203,443.5 ","24,822.7 ","76,338.0 ","1,426.0 ","61,724.4 ","28,309.6 ",-486.2 ,"1,510.9 ","34,435.0 ","32,924.1 ",-653.4 ,,"2,377.3 ","436,338.3 ","4,378.8 ","19,107.4 ","14,728.6 ","440,717.0 ",,"434,837.3 ","345,405.3 ","89,409.8 ",,"129,853.0 ",,,,,,,,,,,
4- 6.,"447,648.0 ","249,196.1 ","245,420.0 ","211,255.2 ","25,350.8 ","79,207.8 ","2,335.9 ","62,662.3 ","27,743.8 ",-527.9 ,"1,965.6 ","35,243.9 ","33,278.3 ",-286.4 ,,"2,007.3 ","449,655.2 ","2,368.4 ","19,476.1 ","17,107.7 ","452,023.6 ",,"448,093.9 ","358,329.7 ","89,687.8 ",,"132,802.4 ",,,,,,,,,,,
7- 9.,"455,153.9 ","251,555.3 ","247,767.7 ","213,343.7 ","26,220.3 ","81,590.9 ","2,820.7 ","62,834.0 ","28,119.5 ",-29.0 ,"2,121.5 ","35,000.6 ","32,879.1 ",-79.3 ,,"1,455.3 ","456,609.3 ","2,280.6 ","17,922.0 ","15,641.3 ","458,889.9 ",,"455,572.5 ","364,797.5 ","90,687.8 ",,"136,448.7 ",,,,,,,,,,,
10-12.,"454,289.2 ","249,187.1 ","245,348.2 ","210,786.0 ","26,160.4 ","82,908.8 ","1,912.9 ","63,723.6 ","29,169.0 ",-320.3 ,"1,614.3 ","36,296.8 ","34,682.5 ",-66.5 ,,207.7 ,"454,496.9 ","2,254.1 ","17,753.9 ","15,499.8 ","456,751.1 ",,"455,160.5 ","362,711.0 ","92,405.8 ",,"138,785.2 ",,,,,,,,,,,
1991/ 1- 3.,"458,247.5 ","250,079.7 ","246,147.3 ","211,371.9 ","25,962.0 ","85,319.1 ",722.8 ,"64,584.5 ","28,309.2 ",-758.5 ,"3,676.4 ","36,315.6 ","32,639.2 ",352.3 ,,"1,274.7 ","459,522.2 ","3,504.2 ","19,223.6 ","15,719.4 ","463,026.4 ",,"456,548.5 ","364,542.3 ","91,948.1 ",,"140,307.5 ",,,,,,,,,,,
4- 6.,"463,684.2 ","253,767.5 ","249,751.6 ","214,714.5 ","25,010.3 ","83,461.3 ","4,411.5 ","64,794.2 ","27,582.7 ",-230.4 ,"3,798.8 ","36,462.9 ","32,664.1 ","1,088.2 ",,"2,181.5 ","465,865.7 ","2,735.3 ","19,403.3 ","16,668.0 ","468,601.0 ",,"461,894.9 ","369,965.1 ","91,850.9 ",,"136,797.7 ",,,,,,,,,,,
7- 9.,"462,657.7 ","252,994.6 ","248,910.9 ","213,719.2 ","23,663.3 ","83,205.2 ","3,778.9 ","65,542.6 ","29,021.4 ",-462.8 ,"3,874.2 ","37,332.9 ","33,458.6 ","1,040.2 ",,"2,567.0 ","465,224.7 ","3,178.5 ","19,804.3 ","16,625.8 ","468,403.2 ",,"460,721.7 ","366,783.3 ","93,890.6 ",,"136,695.9 ",,,,,,,,,,,
10-12.,"465,907.1 ","256,042.3 ","251,865.9 ","216,431.9 ","22,781.4 ","82,752.6 ","2,081.6 ","66,201.5 ","30,990.3 ",-292.6 ,"4,720.0 ","38,217.3 ","33,497.3 ",630.0 ,,"2,690.0 ","468,597.1 ","2,887.1 ","19,029.7 ","16,142.6 ","471,484.2 ",,"462,886.2 ","366,113.8 ","96,758.0 ",,"137,320.5 ",,,,,,,,,,,
1992/ 1- 3.,"466,052.0 ","259,785.5 ","255,490.2 ","219,798.5 ","22,717.5 ","79,103.9 ","1,499.8 ","66,344.4 ","31,721.6 ",-443.6 ,"5,259.2 ","38,381.6 ","33,122.3 ",63.7 ,,"3,172.0 ","469,224.0 ","3,216.3 ","18,336.4 ","15,120.1 ","472,440.3 ",,"462,389.9 ","364,844.2 ","97,539.1 ",,"134,167.0 ",,,,,,,,,,,
4- 6.,"467,683.9 ","258,528.9 ","254,090.1 ","218,251.9 ","23,217.3 ","79,226.6 ",503.8 ,"66,447.1 ","34,740.3 ",-381.6 ,"5,422.3 ","38,542.3 ","33,120.0 ",-20.7 ,,"2,919.9 ","470,603.7 ","3,935.5 ","18,333.0 ","14,397.5 ","474,539.2 ",,"463,849.4 ","362,989.8 ","100,881.5 ",,"137,686.4 ",,,,,,,,,,,
7- 9.,"468,234.2 ","258,609.6 ","254,039.3 ","218,023.7 ","23,038.5 ","77,635.7 ","1,094.2 ","67,245.8 ","34,797.6 ",-432.9 ,"6,186.8 ","38,699.4 ","32,512.6 ",58.9 ,,"2,536.3 ","470,770.5 ","3,947.5 ","17,941.0 ","13,993.6 ","474,717.9 ",,"463,512.8 ","361,865.9 ","101,673.0 ",,"135,918.2 ",,,,,,,,,,,
10-12.,"465,249.2 ","257,574.5 ","252,930.1 ","216,755.7 ","22,742.1 ","74,469.9 ",996.2 ,"68,098.4 ","34,657.3 ",-143.6 ,"7,057.2 ","39,210.5 ","32,153.3 ",-202.7 ,,"2,729.2 ","467,978.5 ","4,613.2 ","18,046.5 ","13,433.3 ","472,591.7 ",,"459,454.8 ","356,890.9 ","102,602.4 ",,"132,205.0 ",,,,,,,,,,,
1993/ 1- 3.,"470,491.9 ","261,227.6 ","256,567.8 ","220,133.5 ","22,249.1 ","76,787.6 ","-1,628.3 ","68,424.8 ","36,712.0 ",34.7 ,"7,303.8 ","39,637.1 ","32,333.3 ",-619.6 ,,"2,817.9 ","473,309.7 ","4,692.2 ","18,036.3 ","13,344.1 ","478,001.9 ",,"464,484.3 ","359,298.9 ","105,220.0 ",,"136,165.2 ",,,,,,,,,,,
4- 6.,"467,513.0 ","259,349.9 ","254,656.6 ","218,070.4 ","22,483.1 ","71,448.1 ","1,301.9 ","68,879.9 ","37,924.3 ",-322.0 ,"6,928.9 ","38,851.0 ","31,922.1 ",-481.1 ,,"2,705.8 ","470,218.8 ","3,854.9 ","16,275.6 ","12,420.8 ","474,073.7 ",,"461,970.7 ","355,380.5 ","106,624.5 ",,"132,004.1 ",,,,,,,,,,,
7- 9.,"464,156.9 ","259,255.4 ","254,505.8 ","217,653.2 ","23,414.3 ","67,611.4 ",702.7 ,"69,588.2 ","38,216.9 ",-191.5 ,"6,624.1 ","38,866.9 ","32,242.8 ","-1,064.6 ",,"3,556.8 ","467,713.7 ","3,300.2 ","15,131.2 ","11,831.0 ","471,013.9 ",,"458,901.5 ","351,205.7 ","107,731.8 ",,"129,158.2 ",,,,,,,,,,,
10-12.,"467,081.1 ","264,840.2 ","260,078.3 ","222,980.6 ","24,885.8 ","63,975.6 ","1,328.8 ","69,812.0 ","38,650.7 ",-7.6 ,"5,322.5 ","38,049.1 ","32,726.6 ","-1,726.7 ",,"4,261.8 ","471,342.9 ","4,289.1 ","16,542.6 ","12,253.6 ","475,632.0 ",,"463,349.2 ","354,827.1 ","108,558.2 ",,"127,160.5 ",,,,,,,,,,,
1994/ 1- 3.,"470,220.0 ","264,090.8 ","259,360.7 ","222,150.8 ","23,749.4 ","66,603.4 ","1,816.4 ","70,877.0 ","38,866.5 ",-499.8 ,"5,812.1 ","39,536.5 ","33,724.4 ","-1,095.9 ",,"4,538.7 ","474,758.7 ","3,861.5 ","15,698.4 ","11,836.9 ","478,620.2 ",,"465,829.5 ","356,465.8 ","109,404.7 ",,"129,051.8 ",,,,,,,,,,,
4- 6.,"470,235.4 ","265,462.1 ","260,790.3 ","223,348.2 ","24,679.0 ","65,823.7 ","-2,148.2 ","71,509.1 ","41,073.0 ",275.6 ,"5,481.4 ","40,133.3 ","34,651.9 ","-1,920.2 ",,"4,312.8 ","474,548.2 ","3,874.6 ","15,800.4 ","11,925.8 ","478,422.8 ",,"466,081.6 ","353,178.9 ","112,964.8 ",,"131,269.9 ",,,,,,,,,,,
7- 9.,"474,627.6 ","270,492.0 ","265,860.0 ","228,108.2 ","26,365.9 ","65,641.3 ",-718.7 ,"71,967.9 ","37,491.5 ",161.8 ,"5,086.1 ","40,516.3 ","35,430.1 ","-1,860.2 ",,"3,645.4 ","478,272.9 ","3,394.8 ","16,153.9 ","12,759.1 ","481,667.8 ",,"470,862.5 ","361,277.2 ","109,625.5 ",,"129,189.8 ",,,,,,,,,,,
10-12.,"471,056.6 ","268,213.9 ","263,557.3 ","225,640.2 ","25,407.0 ","65,771.6 ","-1,245.5 ","72,131.3 ","37,331.7 ",95.4 ,"5,115.9 ","41,115.6 ","35,999.6 ","-1,764.8 ",,"3,791.2 ","474,847.8 ","3,710.5 ","16,437.4 ","12,726.9 ","478,558.3 ",,"467,153.6 ","357,630.2 ","109,568.5 ",,"128,273.5 ",,,,,,,,,,,
1995/ 1- 3.,"475,399.4 ","268,433.7 ","263,687.4 ","225,590.8 ","24,842.8 ","65,998.8 ","3,551.8 ","73,437.8 ","36,355.0 ",-63.1 ,"3,880.3 ","41,189.3 ","37,309.0 ","-1,037.7 ",,"3,843.9 ","479,243.2 ","3,554.0 ","16,834.6 ","13,280.6 ","482,797.2 ",,"472,734.4 ","363,045.7 ","109,726.2 ",,"127,017.9 ",,,,,,,,,,,
4- 6.,"479,074.0 ","271,326.0 ","266,469.0 ","228,180.6 ","23,950.2 ","68,965.7 ",921.9 ,"74,064.4 ","37,578.6 ",-2.4 ,"3,424.6 ","42,090.8 ","38,666.2 ","-1,155.1 ",,"4,685.1 ","483,759.2 ","2,976.3 ","15,923.9 ","12,947.6 ","486,735.4 ",,"476,791.8 ","365,180.3 ","111,655.0 ",,"130,420.8 ",,,,,,,,,,,
7- 9.,"483,686.7 ","273,389.0 ","268,448.1 ","229,972.7 ","23,126.0 ","68,602.7 ","2,774.3 ","75,065.8 ","40,000.4 ",-32.7 ,"1,594.1 ","42,404.0 ","40,809.9 ",-832.8 ,,"4,896.2 ","488,582.9 ","4,175.5 ","20,220.2 ","16,044.7 ","492,758.4 ",,"483,176.8 ","368,131.3 ","115,100.8 ",,"131,621.8 ",,,,,,,,,,,
10-12.,"482,757.4 ","275,136.8 ","270,161.7 ","231,474.7 ","23,783.3 ","68,590.6 ",889.9 ,"75,404.5 ","40,425.6 ",12.7 ,-444.0 ,"42,392.3 ","42,836.4 ","-1,041.9 ",,"5,497.8 ","488,255.3 ","4,619.0 ","20,732.5 ","16,113.5 ","492,874.3 ",,"484,182.8 ","368,330.8 ","115,907.1 ",,"132,648.4 ",,,,,,,,,,,
1996/ 1- 3.,"487,474.5 ","276,701.8 ","271,742.4 ","232,835.9 ","25,032.7 ","65,356.4 ","2,123.1 ","75,837.4 ","43,581.7 ",521.1 ,-603.7 ,"43,231.8 ","43,835.5 ","-1,075.9 ",,"4,202.4 ","491,676.9 ","4,611.3 ","12,423.5 ","7,812.2 ","496,288.2 ",,"488,991.9 ","369,049.8 ","119,993.5 ",,"133,617.3 ",,,,,,,,,,,
4- 6.,"492,039.4 ","278,562.4 ","273,608.6 ","234,474.2 ","26,415.2 ","68,501.0 ","3,038.6 ","75,841.3 ","42,649.7 ",18.5 ,"-2,300.4 ","43,262.4 ","45,562.8 ",-686.8 ,,"3,945.0 ","495,984.4 ","5,555.8 ","12,861.6 ","7,305.9 ","501,540.2 ",,"495,187.9 ","376,635.1 ","118,600.6 ",,"137,252.8 ",,,,,,,,,,,
7- 9.,"493,185.3 ","278,475.9 ","273,507.8 ","234,148.1 ","27,315.3 ","70,911.3 ","2,366.2 ","75,832.0 ","39,611.5 ",79.0 ,-823.8 ,"44,741.7 ","45,565.6 ",-582.2 ,,"2,375.1 ","495,560.4 ","5,608.7 ","12,729.3 ","7,120.7 ","501,169.1 ",,"494,775.9 ","379,271.5 ","115,552.0 ",,"137,610.1 ",,,,,,,,,,,
10-12.,"500,321.6 ","281,767.5 ","276,811.3 ","237,201.5 ","27,957.0 ","72,151.7 ","2,565.9 ","77,237.9 ","38,543.6 ",69.4 ,538.8 ,"46,601.4 ","46,062.6 ",-510.1 ,,"2,001.5 ","502,323.1 ","5,916.7 ","13,006.6 ","7,090.0 ","508,239.7 ",,"500,493.0 ","384,691.8 ","115,853.8 ",,"138,447.7 ",,,,,,,,,,,
1997/ 1- 3.,"504,837.7 ","287,329.5 ","282,412.0 ","242,567.0 ","26,882.8 ","74,395.2 ",422.4 ,"76,556.3 ","37,994.5 ",156.2 ,"1,741.4 ","48,070.5 ","46,329.1 ",-640.5 ,,478.3 ,"505,316.0 ","6,681.2 ","14,070.0 ","7,388.8 ","511,997.2 ",,"503,701.7 ","389,066.1 ","114,708.7 ",,"139,142.1 ",,,,,,,,,,,
4- 6.,"500,532.4 ","277,193.8 ","272,385.6 ","232,392.0 ","24,045.0 ","74,725.4 ","4,757.5 ","76,983.0 ","38,313.1 ",-78.1 ,"4,326.2 ","49,939.8 ","45,613.6 ",266.5 ,,"1,183.5 ","501,715.9 ","6,825.5 ","14,095.6 ","7,270.1 ","508,541.3 ",,"496,568.9 ","381,386.3 ","115,247.8 ",,"137,030.0 ",,,,,,,,,,,
7- 9.,"498,375.1 ","279,544.8 ","274,834.4 ","234,654.0 ","22,149.9 ","74,924.2 ","2,460.8 ","76,617.9 ","38,798.5 ",38.6 ,"3,893.5 ","49,439.4 ","45,545.9 ",-53.0 ,,968.8 ,"499,343.9 ","5,790.7 ","13,178.1 ","7,387.4 ","505,134.6 ",,"494,856.6 ","379,433.9 ","115,487.0 ",,"135,859.1 ",,,,,,,,,,,
10-12.,"499,813.1 ","279,471.0 ","274,682.1 ","234,325.3 ","21,085.1 ","75,608.0 ","3,924.1 ","77,027.9 ","36,542.6 ",160.6 ,"5,805.3 ","50,301.1 ","44,495.8 ",188.5 ,,"2,065.3 ","501,878.4 ","7,245.2 ","15,016.1 ","7,770.9 ","509,123.6 ",,"494,268.3 ","380,612.0 ","113,729.3 ",,"133,284.3 ",,,,,,,,,,,
1998/ 1- 3.,"490,550.8 ","277,438.2 ","272,393.3 ","231,861.4 ","20,896.3 ","72,745.2 ","2,527.8 ","77,218.4 ","34,766.6 ",143.9 ,"4,895.4 ","48,978.3 ","44,082.9 ",-81.1 ,,"2,593.8 ","493,144.6 ","6,473.0 ","13,911.3 ","7,438.3 ","499,617.6 ",,"485,959.7 ","373,915.6 ","112,109.9 ",,"128,429.3 ",,,,,,,,,,,
4- 6.,"488,263.6 ","276,498.8 ","271,165.0 ","230,464.0 ","20,428.9 ","71,695.6 ","1,616.3 ","78,027.5 ","33,890.6 ",111.1 ,"6,101.9 ","48,137.1 ","42,035.1 ",-107.3 ,,"2,792.7 ","491,056.3 ","6,469.5 ","14,235.0 ","7,765.5 ","497,525.8 ",,"482,372.1 ","370,433.0 ","111,997.0 ",,"126,026.4 ",,,,,,,,,,,
7- 9.,"490,212.2 ","279,447.9 ","273,898.1 ","233,001.2 ","19,889.3 ","69,512.8 ","1,614.9 ","78,311.9 ","35,693.4 ",-79.8 ,"6,013.1 ","48,213.1 ","42,200.0 ",-191.2 ,,"2,414.5 ","492,626.7 ","7,199.3 ","14,312.7 ","7,113.4 ","499,825.9 ",,"484,421.0 ","370,547.1 ","113,920.4 ",,"125,078.3 ",,,,,,,,,,,
10-12.,"491,323.9 ","280,393.0 ","274,705.6 ","233,622.2 ","19,284.0 ","65,459.7 ","2,068.0 ","79,130.9 ","39,358.7 ",-146.2 ,"6,047.3 ","47,216.2 ","41,169.0 ",-271.4 ,,"3,250.2 ","494,574.1 ","7,065.0 ","12,676.6 ","5,611.6 ","501,639.0 ",,"485,537.8 ","367,179.1 ","118,368.5 ",,"124,037.8 ",,,,,,,,,,,
1999/ 1- 3.,"487,576.6 ","280,026.8 ","274,280.5 ","232,957.2 ","19,193.1 ","66,884.7 ","-2,959.1 ","80,307.4 ","39,547.7 ",-113.1 ,"5,060.8 ","47,354.9 ","42,294.2 ",-371.8 ,,"3,583.0 ","491,159.5 ","6,193.8 ","12,098.0 ","5,904.2 ","497,353.4 ",,"482,814.0 ","363,065.6 ","119,750.5 ",,"125,574.8 ",,,,,,,,,,,
4- 6.,"490,520.6 ","281,264.5 ","275,370.6 ","233,780.8 ","20,460.8 ","66,324.4 ","-2,266.1 ","81,080.9 ","39,305.5 ",2.7 ,"4,747.9 ","47,929.3 ","43,181.4 ",-400.0 ,,"2,957.9 ","493,478.4 ","6,522.1 ","11,545.6 ","5,023.5 ","500,000.5 ",,"486,089.4 ","365,715.6 ","120,380.0 ",,"126,010.6 ",,,,,,,,,,,
7- 9.,"489,311.7 ","281,689.7 ","275,618.5 ","233,764.1 ","20,890.3 ","66,456.3 ","-4,521.6 ","81,932.6 ","37,753.7 ",48.1 ,"5,362.8 ","49,826.3 ","44,463.5 ",-300.3 ,,"1,960.7 ","491,272.5 ","6,444.6 ","10,995.1 ","4,550.5 ","497,717.1 ",,"484,110.3 ","364,399.0 ","119,718.6 ",,"125,025.2 ",,,,,,,,,,,
10-12.,"492,631.7 ","282,401.7 ","276,372.9 ","234,259.2 ","19,944.7 ","67,927.9 ","-2,310.8 ","82,357.7 ","37,052.6 ",-54.5 ,"5,467.7 ","50,983.0 ","45,515.3 ",-155.4 ,,"2,082.3 ","494,714.0 ","6,078.2 ","10,498.5 ","4,420.2 ","500,792.2 ",,"487,276.8 ","367,940.7 ","119,348.5 ",,"124,890.6 ",,,,,,,,,,,
2000/ 1- 3.,"501,748.0 ","283,586.6 ","277,818.9 ","235,443.6 ","20,202.3 ","70,680.0 ",16.7 ,"83,429.3 ","35,614.4 ",369.5 ,"7,944.2 ","53,522.7 ","45,578.5 ",-95.1 ,,471.9 ,"502,220.0 ","6,033.2 ","11,114.0 ","5,080.8 ","508,253.2 ",,"493,888.9 ","374,488.1 ","119,403.4 ",,"126,490.5 ",,,,,,,,,,,
4- 6.,"502,614.8 ","282,760.7 ","277,346.7 ","234,711.6 ","20,472.9 ","69,316.8 ","1,683.2 ","84,841.9 ","35,379.0 ",256.2 ,"7,909.9 ","55,335.5 ","47,425.6 ",-5.7 ,,421.1 ,"503,035.9 ","6,293.2 ","11,039.0 ","4,745.8 ","509,329.0 ",,"494,698.2 ","374,222.7 ","120,477.0 ",,"125,149.1 ",,,,,,,,,,,
7- 9.,"503,048.8 ","282,081.2 ","276,930.6 ","234,029.7 ","20,066.7 ","71,820.8 ","1,061.9 ","85,532.7 ","34,469.0 ",233.8 ,"7,736.9 ","56,191.7 ","48,454.7 ",45.8 ,,-324.7 ,"502,724.1 ","6,413.6 ","11,564.9 ","5,151.3 ","509,137.7 ",,"495,266.7 ","375,026.3 ","120,240.5 ",,"126,358.3 ",,,,,,,,,,,
10-12.,"508,129.6 ","284,764.8 ","279,655.0 ","236,477.1 ","20,503.5 ","75,810.0 ","1,906.6 ","86,022.2 ","32,895.3 ",339.4 ,"5,832.9 ","55,991.2 ","50,158.3 ",55.1 ,,-463.4 ,"507,666.1 ","7,199.8 ","12,800.5 ","5,600.8 ","514,865.9 ",,"502,263.5 ","382,997.5 ","119,261.7 ",,"129,232.6 ",,,,,,,,,,,
2001/ 1- 3.,"510,402.5 ","287,547.4 ","282,254.7 ","238,816.8 ","20,347.7 ","74,489.9 ","2,432.8 ","86,407.5 ","35,189.1 ",251.3 ,"3,731.7 ","53,849.6 ","50,117.9 ",5.1 ,,-139.9 ,"510,262.6 ","7,817.5 ","13,489.0 ","5,671.6 ","518,080.1 ",,"506,661.7 ","384,812.5 ","121,848.3 ",,"130,035.4 ",,,,,,,,,,,
4- 6.,"507,418.0 ","288,689.7 ","283,198.5 ","239,513.9 ","18,981.5 ","74,306.7 ","1,698.9 ","87,425.3 ","33,329.7 ",11.6 ,"2,997.6 ","51,837.0 ","48,839.4 ",-23.0 ,,-739.9 ,"506,678.1 ","7,991.4 ","13,892.4 ","5,901.0 ","514,669.5 ",,"504,426.5 ","383,664.8 ","120,764.5 ",,"126,615.5 ",,,,,,,,,,,
7- 9.,"501,572.7 ","287,252.4 ","281,653.4 ","237,717.5 ","18,874.7 ","73,509.1 ","-1,583.2 ","87,502.3 ","33,111.5 ",27.6 ,"2,901.2 ","50,598.1 ","47,697.0 ",-22.9 ,,-345.6 ,"501,227.1 ","8,458.2 ","13,927.4 ","5,469.1 ","509,685.4 ",,"498,684.9 ","378,046.1 ","120,639.8 ",,"125,489.1 ",,,,,,,,,,,
10-12.,"499,384.8 ","288,585.6 ","282,911.0 ","238,729.8 ","18,814.2 ","68,612.5 ","-1,127.1 ","88,678.8 ","32,230.0 ",314.2 ,"3,274.9 ","49,589.2 ","46,314.3 ",1.8 ,,887.3 ,"500,272.1 ","9,696.3 ","14,671.8 ","4,975.4 ","509,968.4 ",,"496,123.3 ","374,895.2 ","121,224.8 ",,"119,653.4 ",,,,,,,,,,,
2002/ 1- 3.,"500,863.9 ","288,894.8 ","283,176.2 ","238,744.5 ","18,477.2 ","68,897.7 ","-2,710.8 ","88,952.4 ","32,739.5 ",158.2 ,"5,305.6 ","52,066.4 ","46,760.8 ",149.4 ,,818.1 ,"501,682.0 ","8,793.3 ","13,506.4 ","4,713.1 ","510,475.3 ",,"495,493.1 ","373,624.5 ","121,853.9 ",,"120,115.7 ",,,,,,,,,,,
      4- 6.,"504,943.7 ","290,823.4 ","285,080.0 ","240,409.8 ","18,683.7 ","68,150.5 ","-1,820.7 ","89,291.2 ","32,140.7 ",180.8 ,"7,240.5 ","55,357.7 ","48,117.1 ",253.5 ,,-255.3 ,"504,688.4 ","8,767.5 ","13,383.3 ","4,615.8 ","513,455.9 ",,"497,565.6 ","375,925.3 ","121,628.3 ",,"118,984.5 ",,,,,,,,,,,
7- 9.,"508,855.5 ","292,835.5 ","287,053.8 ","242,160.7 ","18,495.7 ","69,060.7 ",54.3 ,"89,982.1 ","31,654.0 ",203.0 ,"6,367.6 ","55,926.0 ","49,558.4 ",202.6 ,,-625.0 ,"508,230.6 ","8,445.6 ","13,264.8 ","4,819.2 ","516,676.2 ",,"502,380.7 ","380,509.4 ","121,865.7 ",,"119,213.9 ",,,,,,,,,,,
10-12.,"509,320.2 ","291,932.5 ","286,067.3 ","240,939.4 ","18,229.3 ","69,912.7 ",402.7 ,"90,157.1 ","30,912.4 ",102.7 ,"7,443.9 ","57,647.8 ","50,203.9 ",226.8 ,,-940.1 ,"508,380.1 ","7,610.8 ","12,336.3 ","4,725.5 ","515,990.8 ",,"501,728.9 ","380,519.9 ","121,208.9 ",,"119,047.9 ",,,,,,,,,,,
2003/ 1- 3.,"507,315.8 ","291,631.7 ","285,639.7 ","240,268.7 ","18,114.3 ","69,450.3 ",-312.3 ,"90,602.6 ","29,752.3 ",161.4 ,"7,651.8 ","58,436.5 ","50,784.6 ",263.6 ,,"-2,293.7 ","505,022.1 ","8,402.9 ","12,798.9 ","4,396.0 ","513,425.0 ",,"499,510.6 ","378,941.4 ","120,574.4 ",,"117,300.4 ",,,,,,,,,,,
 4- 6.,"510,571.5 ","290,772.5 ","284,638.0 ","239,023.5 ","18,202.2 ","71,528.1 ",-243.9 ,"91,584.1 ","29,016.3 ",302.9 ,"9,129.3 ","58,525.8 ","49,396.5 ",279.9 ,,"-1,090.6 ","509,480.8 ","8,645.1 ","12,828.1 ","4,183.0 ","518,125.9 ",,"501,225.5 ","380,254.0 ","120,978.6 ",,"118,700.0 ",,,,,,,,,,,
 7- 9.,"514,332.3 ","291,976.4 ","285,717.6 ","239,825.9 ","18,574.6 ","71,637.9 ","1,399.3 ","91,887.7 ","28,014.5 ",183.4 ,"10,404.8 ","60,846.3 ","50,441.5 ",253.8 ,,"-1,767.1 ","512,565.2 ","9,992.5 ","14,176.6 ","4,184.2 ","522,557.7 ",,"503,671.1 ","383,524.1 ","120,170.3 ",,"118,166.9 ",,,,,,,,,,,
 10- 12.,"521,424.3 ","295,122.2 ","288,776.7 ","242,705.2 ","18,251.6 ","76,350.2 ",-12.9 ,"92,739.1 ","26,930.7 ",-67.6 ,"11,883.7 ","63,550.0 ","51,666.3 ",227.4 ,,"-1,750.7 ","519,673.5 ","8,510.6 ","12,598.9 ","4,088.3 ","528,184.2 ",,"509,240.6 ","389,588.0 ","119,694.9 ",,"121,397.0 ",,,,,,,,,,,
2004/ 1- 3.,"527,369.4 ","296,782.0 ","290,387.7 ","244,078.2 ","18,347.0 ","73,403.3 ","2,942.3 ","93,067.2 ","28,924.1 ",-21.5 ,"13,634.5 ","66,771.3 ","53,136.8 ",290.6 ,,"-2,989.2 ","524,380.2 ","9,466.7 ","13,798.1 ","4,331.4 ","533,846.9 ",,"513,446.6 ","391,419.7 ","122,055.2 ",,"120,623.8 ",,,,,,,,,,,
4- 6.,"526,019.9 ","296,794.6 ","290,355.6 ","243,816.6 ","18,706.4 ","76,458.3 ",366.6 ,"93,092.3 ","25,311.2 ",218.8 ,"14,905.3 ","68,833.5 ","53,928.2 ",166.4 ,,"-4,619.3 ","521,400.6 ","9,901.3 ","14,384.0 ","4,482.7 ","531,301.9 ",,"510,852.2 ","392,185.9 ","118,709.0 ",,"120,281.6 ",,,,,,,,,,,
 7- 9.,"529,247.9 ","298,440.9 ","291,941.5 ","245,171.6 ","18,781.6 ","77,025.8 ","2,075.1 ","93,507.5 ","24,776.9 ",256.9 ,"14,317.6 ","69,441.5 ","55,123.9 ",65.6 ,,"-5,339.2 ","523,908.7 ","10,562.9 ","15,287.8 ","4,724.9 ","534,471.6 ",,"514,726.0 ","396,152.3 ","118,621.6 ",,"120,355.5 ",,,,,,,,,,,
 10- 12.,"526,892.1 ","296,437.7 ","289,870.6 ","242,867.4 ","18,700.6 ","77,815.5 ","1,817.0 ","93,916.8 ","24,364.7 ",348.7 ,"13,559.2 ","70,086.4 ","56,527.3 ",-68.0 ,,"-4,765.9 ","522,126.2 ","10,738.0 ","15,810.0 ","5,072.0 ","532,864.2 ",,"513,218.4 ","394,556.7 ","118,706.3 ",,"120,613.0 ",,,,,,,,,,,
2005/ 1- 3.,"530,705.6 ","297,483.3 ","290,839.4 ","243,627.0 ","18,359.5 ","81,332.3 ","1,133.6 ","94,969.6 ","23,771.3 ",390.2 ,"13,465.1 ","69,769.3 ","56,304.2 ",-199.3 ,,"-5,921.2 ","524,784.4 ","10,754.3 ","16,477.1 ","5,722.7 ","535,538.7 ",,"517,105.3 ","397,968.5 ","119,187.8 ",,"123,049.8 ",,,,,,,,,,,
4- 6.,"536,848.6 ","300,100.6 ","293,366.9 ","245,940.5 ","18,175.1 ","83,836.2 ","2,259.7 ","94,321.0 ","23,102.9 ",253.5 ,"15,172.3 ","72,393.8 ","57,221.5 ",-372.8 ,,"-8,208.6 ","528,640.0 ","12,056.9 ","18,091.6 ","6,034.7 ","540,696.9 ",,"521,563.0 ","403,929.2 ","117,714.1 ",,"124,590.0 ",,,,,,,,,,,
 7- 9.,"540,566.9 ","302,645.8 ","295,825.8 ","248,166.5 ","18,393.3 ","84,200.7 ",751.4 ,"95,858.7 ","23,293.7 ",325.2 ,"15,554.9 ","74,721.9 ","59,167.0 ",-456.9 ,,"-10,406.4 ","530,160.5 ","13,456.6 ","19,105.4 ","5,648.8 ","543,617.1 ",,"525,025.0 ","405,586.2 ","119,511.4 ",,"125,366.9 ",,,,,,,,,,,
 10- 12.,"542,108.0 ","303,813.3 ","296,937.8 ","249,044.7 ","18,509.8 ","83,570.3 ",763.7 ,"94,259.4 ","22,712.3 ",267.2 ,"18,596.1 ","77,376.5 ","58,780.4 ",-384.3 ,,"-11,593.3 ","530,514.7 ","14,380.0 ","20,993.2 ","6,613.2 ","544,894.7 ",,"523,456.4 ","406,286.7 ","117,265.5 ",,"124,270.0 ",,,,,,,,,,,
2006/ 1- 3.,"542,089.0 ","304,365.7 ","297,464.5 ","249,339.1 ","18,548.9 ","81,315.2 ","1,824.8 ","93,972.3 ","23,481.5 ",222.2 ,"18,786.0 ","78,508.5 ","59,722.5 ",-427.6 ,,"-13,626.5 ","528,462.5 ","15,671.7 ","22,559.9 ","6,888.3 ","544,134.2 ",,"523,383.5 ","405,751.8 ","117,722.5 ",,"122,935.4 ",,,,,,,,,,,
4- 6.,"548,305.6 ","306,328.6 ","299,344.3 ","250,986.9 ","18,390.5 ","85,744.3 ","1,629.6 ","95,050.0 ","22,253.5 ",230.7 ,"19,358.6 ","80,110.1 ","60,751.5 ",-680.1 ,,"-14,271.9 ","534,033.8 ","14,339.6 ","22,010.7 ","7,671.1 ","548,373.3 ",,"529,057.6 ","411,637.0 ","117,540.8 ",,"125,767.8 ",,,,,,,,,,,
 7- 9.,"550,144.9 ","304,615.3 ","297,536.9 ","248,944.5 ","18,435.8 ","86,096.9 ","2,944.1 ","96,546.9 ","20,660.5 ",281.9 ,"21,185.7 ","81,678.6 ","60,492.9 ",-622.1 ,,"-16,027.6 ","534,117.4 ","15,263.5 ","22,805.6 ","7,542.1 ","549,380.9 ",,"528,925.1 ","411,602.6 ","117,445.4 ",,"124,485.7 ",,,,,,,,,,,
 10- 12.,"553,430.3 ","307,007.0 ","299,976.9 ","251,145.7 ","18,468.3 ","87,889.5 ","1,976.8 ","95,277.8 ","20,941.3 ",265.3 ,"22,132.3 ","82,438.6 ","60,306.3 ",-527.9 ,,"-14,973.8 ","538,456.5 ","16,047.6 ","24,442.9 ","8,395.3 ","554,504.2 ",,"531,122.1 ","414,820.9 ","116,451.6 ",,"126,549.1 ",,,,,,,,,,,
2007/ 1- 3.,"559,917.6 ","309,760.5 ","302,924.0 ","253,859.9 ","18,147.2 ","88,199.7 ","4,101.3 ","95,798.4 ","20,817.6 ",107.8 ,"23,340.9 ","84,071.6 ","60,730.7 ",-355.6 ,,"-15,601.8 ","544,315.8 ","17,529.2 ","26,492.0 ","8,962.8 ","561,845.0 ",,"536,220.1 ","419,729.1 ","116,659.3 ",,"126,373.8 ",,,,,,,,,,,
4- 6.,"561,496.3 ","311,433.9 ","304,863.5 ","255,572.8 ","17,974.1 ","86,588.4 ","3,543.1 ","96,668.3 ","20,277.3 ",329.4 ,"25,047.2 ","86,655.5 ","61,608.3 ",-365.5 ,,"-17,840.6 ","543,655.7 ","18,775.6 ","27,856.4 ","9,080.8 ","562,431.3 ",,"536,128.7 ","419,086.4 ","117,199.9 ",,"124,059.4 ",,,,,,,,,,,
7- 9.,"559,953.7 ","309,983.8 ","303,618.8 ","254,166.6 ","16,429.7 ","86,618.0 ","3,568.5 ","96,356.4 ","19,764.5 ",270.7 ,"27,235.6 ","88,359.6 ","61,124.0 ",-273.6 ,,"-19,166.8 ","540,786.8 ","17,526.8 ","27,919.6 ","10,392.9 ","558,313.6 ",,"532,154.0 ","416,020.5 ","116,289.6 ",,"121,888.5 ",,,,,,,,,,,
 10- 12.,"563,098.1 ","310,403.2 ","304,069.0 ","254,454.6 ","14,362.8 ","87,489.2 ","4,072.2 ","97,790.1 ","20,036.3 ",287.9 ,"29,028.5 ","90,710.2 ","61,681.7 ",-372.1 ,,"-22,341.1 ","540,757.1 ","19,271.0 ","29,170.1 ","9,899.1 ","560,028.1 ",,"533,446.5 ","415,565.6 ","118,009.7 ",,"120,795.1 ",,,,,,,,,,,
2008/ 1- 3.,"567,356.1 ","313,548.0 ","307,069.2 ","257,247.6 ","14,875.9 ","89,916.8 ","1,501.3 ","97,723.4 ","19,208.0 ",376.5 ,"30,767.4 ","93,137.6 ","62,370.2 ",-561.2 ,,"-25,281.3 ","542,074.8 ","18,925.2 ","27,488.2 ","8,563.0 ","560,999.9 ",,"535,902.4 ","418,895.7 ","117,167.6 ",,"122,777.8 ",,,,,,,,,,,
4- 6.,"560,789.1 ","308,510.3 ","301,871.0 ","251,846.5 ","14,983.2 ","88,550.1 ","2,104.9 ","96,627.8 ","18,129.5 ",346.3 ,"31,589.8 ","92,061.6 ","60,471.8 ",-53.0 ,,"-29,264.0 ","531,525.1 ","17,212.4 ","26,208.4 ","8,996.1 ","548,737.5 ",,"528,013.1 ","413,270.2 ","114,912.2 ",,"120,426.8 ",,,,,,,,,,,
7- 9.,"553,345.5 ","307,437.3 ","300,711.1 ","250,490.7 ","15,560.6 ","85,228.9 ",-468.7 ,"96,422.6 ","18,290.9 ",272.8 ,"30,971.4 ","91,818.8 ","60,847.4 ",-370.2 ,,"-32,301.7 ","521,043.8 ","17,970.3 ","26,086.7 ","8,116.4 ","539,014.0 ",,"521,542.9 ","406,880.1 ","114,796.3 ",,"118,040.3 ",,,,,,,,,,,
10- 12.,"536,682.6 ","303,663.0 ","296,874.8 ","246,492.7 ","15,883.4 ","79,692.7 ","6,927.4 ","97,535.4 ","18,269.2 ",362.0 ,"16,410.0 ","78,811.1 ","62,401.1 ","-2,060.5 ",,"-20,386.3 ","516,296.4 ","15,865.3 ","23,623.1 ","7,757.8 ","532,161.7 ",,"521,752.4 ","405,886.2 ","115,969.8 ",,"113,068.9 ",,,,,,,,,,,
2009/ 1- 3.,"511,158.5 ","299,127.5 ","292,303.6 ","241,784.1 ","14,810.5 ","75,032.5 ","-2,341.1 ","98,541.9 ","18,995.2 ",216.9 ,"6,464.4 ","59,012.8 ","52,548.4 ",310.8 ,,"-11,114.4 ","500,044.1 ","13,784.0 ","21,183.9 ","7,399.9 ","513,828.1 ",,"503,268.1 ","385,613.1 ","117,580.6 ",,"108,267.2 ",,,,,,,,,,,
4- 6.,"521,610.2 ","302,576.9 ","295,710.3 ","245,042.1 ","13,601.6 ","71,244.2 ","-3,765.5 ","99,387.1 ","20,921.3 ",202.5 ,"15,104.6 ","65,254.4 ","50,149.8 ","2,337.5 ",,"-12,927.1 ","508,683.2 ","15,020.4 ","21,251.6 ","6,231.2 ","523,703.5 ",,"503,107.4 ","382,456.7 ","120,485.5 ",,"105,442.5 ",,,,,,,,,,,
7- 9.,"518,618.0 ","302,155.7 ","295,234.5 ","244,447.2 ","12,503.6 ","69,441.2 ","-6,102.4 ","100,588.4 ","20,816.7 ",168.9 ,"18,077.3 ","70,570.5 ","52,493.2 ",968.7 ,,"-15,471.9 ","503,146.0 ","13,684.6 ","19,448.8 ","5,764.2 ","516,830.6 ",,"498,280.2 ","376,539.9 ","121,509.4 ",,"102,417.4 ",,,,,,,,,,,
10- 12.,"526,749.0 ","304,643.4 ","297,693.4 ","246,780.1 ","11,976.4 ","70,238.8 ","-6,136.6 ","101,536.3 ","21,245.5 ",197.4 ,"21,948.8 ","75,006.0 ","53,057.2 ","1,099.1 ",,"-16,582.2 ","510,166.8 ","12,204.6 ","17,351.5 ","5,146.9 ","522,371.4 ",,"502,385.6 ","379,204.4 ","122,934.8 ",,"103,065.4 ",,,,,,,,,,,
2010/ 1- 3.,"539,739.0 ","308,167.2 ","301,212.5 ","250,142.0 ","12,172.1 ","71,547.0 ",-836.7 ,"101,201.7 ","21,158.3 ",261.9 ,"25,338.2 ","79,923.0 ","54,584.8 ",729.3 ,,"-19,315.9 ","520,423.0 ","14,070.0 ","19,229.7 ","5,159.6 ","534,493.1 ",,"512,392.7 ","389,650.3 ","122,577.7 ",,"104,427.5 ",,,,,,,,,,,
4- 6.,"539,912.7 ","307,534.6 ","300,560.6 ","249,326.1 ","12,249.4 ","73,543.6 ","-3,109.5 ","102,235.9 ","19,914.6 ",272.3 ,"27,731.5 ","85,211.2 ","57,479.7 ",-459.7 ,,"-21,813.3 ","518,099.4 ","12,209.3 ","18,164.1 ","5,954.7 ","530,308.7 ",,"511,215.2 ","388,766.9 ","122,284.7 ",,"105,080.3 ",,,,,,,,,,,
7- 9.,"543,782.8 ","309,598.1 ","302,595.4 ","251,223.1 ","12,388.5 ","73,963.1 ",-933.0 ,"102,646.6 ","19,669.8 ",128.4 ,"26,966.1 ","85,331.3 ","58,365.2 ",-644.7 ,,"-21,680.6 ","522,102.2 ","14,249.1 ","19,418.4 ","5,169.3 ","536,351.3 ",,"516,028.7 ","393,625.6 ","122,274.2 ",,"105,365.8 ",,,,,,,,,,,
10- 12.,"540,142.2 ","306,944.8 ","299,948.9 ","248,438.7 ","12,643.7 ","73,893.0 ","-1,049.5 ","103,071.8 ","18,510.6 ",240.5 ,"26,683.3 ","84,927.8 ","58,244.6 ",-796.0 ,,"-21,839.3 ","518,302.9 ","14,343.6 ","20,127.3 ","5,783.7 ","532,646.5 ",,"512,798.7 ","391,087.7 ","121,580.8 ",,"104,331.0 ",,,,,,,,,,,
2011/ 1- 3.,"536,471.0 ","305,528.3 ","298,575.2 ","246,975.6 ","12,816.3 ","73,045.6 ","-2,171.4 ","103,981.2 ","18,300.5 ",258.1 ,"25,925.9 ","85,139.0 ","59,213.1 ","-1,213.4 ",,"-25,752.3 ","510,718.8 ","15,771.4 ","21,710.0 ","5,938.6 ","526,490.1 ",,"510,312.9 ","387,858.5 ","122,272.4 ",,"103,484.9 ",,,,,,,,,,,
4- 6.,"534,720.2 ","306,030.9 ","299,121.7 ","247,510.9 ","12,678.2 ","72,696.0 ","-1,297.8 ","104,671.3 ","18,978.1 ",271.9 ,"21,637.7 ","80,913.4 ","59,275.8 ",-946.0 ,,"-28,213.1 ","506,507.1 ","16,738.9 ","22,795.0 ","6,056.1 ","523,246.1 ",,"512,690.0 ","388,782.7 ","123,689.7 ",,"103,732.4 ",,,,,,,,,,,
7- 9.,"542,503.9 ","308,997.9 ","302,118.6 ","250,367.9 ","13,315.3 ","73,474.3 ",-287.7 ,"105,080.7 ","18,443.1 ",314.7 ,"24,646.5 ","85,965.7 ","61,319.2 ","-1,481.0 ",,"-29,351.4 ","513,152.5 ","16,348.9 ","22,705.1 ","6,356.2 ","529,501.4 ",,"518,013.0 ","394,281.1 ","123,569.6 ",,"104,594.9 ",,,,,,,,,,,
ÅñîNó¶Ç≈ï\é¶ÇµÇƒÇ¢ÇÈÅB,,,,,,,,,,,,,,,,,,,,,,,,,,,,,,,,,,,,,,
ÅñäJç∑ÅÅçëì‡ëçê∂éY(éxèoë§)Å|çëì‡ëçê∂éY(éxèoë§)ÇÃì‡ñÛçÄñ⁄åv,,,,,,,,,,,,,,,,,,,,,,,,,,,,,,,,,,,,,,
,,,,,,,,,,,,,,,,,,,,,,,,,,,,,,,,,,,,,,
,,,,,,,,,,,,,,,,,,,,,,,,,,,,,,,,,,,,,,
,,,,,,,,,,,,,,,,,,,,,,,,,,,,,,,,,,,,,,
,,,,,,,,,,,,,,,,,,,,,,,,,,,,,,,,,,,,,,
,,,,,,,,,,,,,,,,,,,,,,,,,,,,,,,,,,,,,,
,,,,,,,,,,,,,,,,,,,,,,,,,,,,,,,,,,,,,,
,,,,,,,,,,,,,,,,,,,,,,,,,,,,,,,,,,,,,,
,,,,,,,,,,,,,,,,,,,,,,,,,,,,,,,,,,,,,,
,,,,,,,,,,,,,,,,,,,,,,,,,,,,,,,,,,,,,,
,,,,,,,,,,,,,,,,,,,,,,,,,,,,,,,,,,,,,,
,,,,,,,,,,,,,,,,,,,,,,,,,,,,,,,,,,,,,,
,,,,,,,,,,,,,,,,,,,,,,,,,,,,,,,,,,,,,,
,,,,,,,,,,,,,,,,,,,,,,,,,,,,,,,,,,,,,,
,,,,,,,,,,,,,,,,,,,,,,,,,,,,,,,,,,,,,,
,,,,,,,,,,,,,,,,,,,,,,,,,,,,,,,,,,,,,,
,,,,,,,,,,,,,,,,,,,,,,,,,,,,,,,,,,,,,,
,,,,,,,,,,,,,,,,,,,,,,,,,,,,,,,,,,,,,,
,,,,,,,,,,,,,,,,,,,,,,,,,,,,,,,,,,,,,,
,,,,,,,,,,,,,,,,,,,,,,,,,,,,,,,,,,,,,,
,,,,,,,,,,,,,,,,,,,,,,,,,,,,,,,,,,,,,,
,,,,,,,,,,,,,,,,,,,,,,,,,,,,,,,,,,,,,,
,,,,,,,,,,,,,,,,,,,,,,,,,,,,,,,,,,,,,,
,,,,,,,,,,,,,,,,,,,,,,,,,,,,,,,,,,,,,,
,,,,,,,,,,,,,,,,,,,,,,,,,,,,,,,,,,,,,,
,,,,,,,,,,,,,,,,,,,,,,,,,,,,,,,,,,,,,,
,,,,,,,,,,,,,,,,,,,,,,,,,,,,,,,,,,,,,,
,,,,,,,,,,,,,,,,,,,,,,,,,,,,,,,,,,,,,,
,,,,,,,,,,,,,,,,,,,,,,,,,,,,,,,,,,,,,,
,,,,,,,,,,,,,,,,,,,,,,,,,,,,,,,,,,,,,,
,,,,,,,,,,,,,,,,,,,,,,,,,,,,,,,,,,,,,,
,,,,,,,,,,,,,,,,,,,,,,,,,,,,,,,,,,,,,,
,,,,,,,,,,,,,,,,,,,,,,,,,,,,,,,,,,,,,,
,,,,,,,,,,,,,,,,,,,,,,,,,,,,,,,,,,,,,,
,,,,,,,,,,,,,,,,,,,,,,,,,,,,,,,,,,,,,,
,,,,,,,,,,,,,,,,,,,,,,,,,,,,,,,,,,,,,,
,,,,,,,,,,,,,,,,,,,,,,,,,,,,,,,,,,,,,,
,,,,,,,,,,,,,,,,,,,,,,,,,,,,,,,,,,,,,,
,,,,,,,,,,,,,,,,,,,,,,,,,,,,,,,,,,,,,,
,,,,,,,,,,,,,,,,,,,,,,,,,,,,,,,,,,,,,,
,,,,,,,,,,,,,,,,,,,,,,,,,,,,,,,,,,,,,,
,,,,,,,,,,,,,,,,,,,,,,,,,,,,,,,,,,,,,,
,,,,,,,,,,,,,,,,,,,,,,,,,,,,,,,,,,,,,,
,,,,,,,,,,,,,,,,,,,,,,,,,,,,,,,,,,,,,,
,,,,,,,,,,,,,,,,,,,,,,,,,,,,,,,,,,,,,,
,,,,,,,,,,,,,,,,,,,,,,,,,,,,,,,,,,,,,,
,,,,,,,,,,,,,,,,,,,,,,,,,,,,,,,,,,,,,,
,,,,,,,,,,,,,,,,,,,,,,,,,,,,,,,,,,,,,,
,,,,,,,,,,,,,,,,,,,,,,,,,,,,,,,,,,,,,,
,,,,,,,,,,,,,,,,,,,,,,,,,,,,,,,,,,,,,,
,,,,,,,,,,,,,,,,,,,,,,,,,,,,,,,,,,,,,,
,,,,,,,,,,,,,,,,,,,,,,,,,,,,,,,,,,,,,,
,,,,,,,,,,,,,,,,,,,,,,,,,,,,,,,,,,,,,,
,,,,,,,,,,,,,,,,,,,,,,,,,,,,,,,,,,,,,,
,,,,,,,,,,,,,,,,,,,,,,,,,,,,,,,,,,,,,,
,,,,,,,,,,,,,,,,,,,,,,,,,,,,,,,,,,,,,,
,,,,,,,,,,,,,,,,,,,,,,,,,,,,,,,,,,,,,,
,,,,,,,,,,,,,,,,,,,,,,,,,,,,,,,,,,,,,,
,,,,,,,,,,,,,,,,,,,,,,,,,,,,,,,,,,,,,,
,,,,,,,,,,,,,,,,,,,,,,,,,,,,,,,,,,,,,,
